{"code-health-degradations":{"monthly":[],"improvements":[],"predictions":[{"name":"atom-shell/atom/browser/native_window.cc","strength":0.02,"strength-coefficients":{"curvature":0.25397163000651246,"time-aspect":1.42781844918585,"suport-vector-machine-coeff":1.6279611108968268,"developer-skill":0.9846673214298342,"development-speed":0.7820268554646262,"absolute-thresholds":0.10655583104254618,"future-prediction":0.5233483725074127}},{"name":"atom-shell/atom/browser/api/atom_api_window.cc","strength":0.0,"strength-coefficients":{"curvature":0.901590585378661,"time-aspect":1.1818042785540535,"suport-vector-machine-coeff":3.3093260004427805,"developer-skill":0.8142556550984204,"development-speed":0.9505821072132791,"absolute-thresholds":0.6492532911908764,"future-prediction":0.5870812357049422}}],"yearly":[{"name":"atom-shell/atom/browser/native_window_views.cc","strength":1.7},{"name":"atom-shell/script/upload.py","strength":1.04}]}}