{"code-health-degradations":{"monthly":[],"improvements":[],"predictions":[{"name":"junit4/src/test/java/org/junit/tests/assertion/AssertionTest.java","strength":0.44,"strength-coefficients":{"curvature":0.11327896335831178,"time-aspect":2.135099497679679,"suport-vector-machine-coeff":2.418723531535665,"developer-skill":0.12514407784236314,"development-speed":0.7565193347139317,"absolute-thresholds":0.7624493820332209,"future-prediction":0.03425028373927652}}],"yearly":[]}}