{"monthly-velocity-delta":67,"monthly-mean-authors":0.6666666666666666,"monthly-authors-delta":0.16666666666666663}