{"code-health-degradations":{"monthly":[],"improvements":[],"predictions":[{"name":"chef/lib/chef/resource.rb","strength":0.23,"strength-coefficients":{"curvature":0.5756663123633092,"time-aspect":2.4212368829598496,"suport-vector-machine-coeff":6.0852137220723375,"developer-skill":0.6668602316548249,"development-speed":0.40212344992617555,"absolute-thresholds":0.7774165334199823,"future-prediction":0.8679394091304886}},{"name":"chef/spec/unit/provider/package/yum_spec.rb","strength":0.11,"strength-coefficients":{"curvature":0.16620058184661668,"time-aspect":0.3217884182894156,"suport-vector-machine-coeff":2.2384329659275206,"developer-skill":0.8420182537313541,"development-speed":0.711027687169411,"absolute-thresholds":0.5779498033988669,"future-prediction":0.9884898914430417}}],"yearly":[{"name":"chef/lib/chef/client.rb","strength":0.8},{"name":"chef/lib/chef/provider/package/yum.rb","strength":0.51}]}}